Natural Frequency (Hz),Magnitude (dB)
231.71593530407884,32085.454533078217
172.08688347533902,88861.03229251159
441.9376775071003,4153.024344268388
732.6693067722709,2429.4129954462614
