Natural Frequency (Hz),Magnitude (dB)
18.58741016307319,4452.05675611664
54.53551475392349,4574.667159139576
172.11355120871502,479450.6974157704
184.96739869594785,189703.65141928528
231.71593530407884,6031950.210589268
344.7871248183261,1957.8114100798982
378.94849127298426,9792.006809837181
442.0976839073563,1624324.2167298677
555.4888862221155,1378.7068729406983
602.3174260303746,11706.15072742233
732.6693067722709,2200374.9705062117
