Natural Frequency (Hz),Magnitude (dB)
25.892154312374785,613.5949979719425
381.55792119514723,239.66687242311986
399.81486298847625,245.76447642269463
671.8581607246019,281.42920996028124
