Natural Frequency (Hz),Magnitude (dB)
14.500146960948928,1150.1572056852226
27.067841903803078,867.6695695786709
230.88071838565932,232.9154717146493
