Natural Frequency (Hz),Magnitude (dB)
26.000263516184287,572.3514659424296
230.85369108470692,2472.300775940011
231.7185647151829,13940.251149743877
441.89637057132336,879.4946747388262
