Natural Frequency (Hz),Magnitude (dB)
14.513659630719427,1341.1441784700453
50.95997250227464,228.02398329391085
230.85367548564244,3184.8577511316994
441.8963407118485,743.9121063962413
