Natural Frequency (Hz),Magnitude (dB)
25.9867498657081,630.6891621267063
231.7320783656591,885.1152994633846
