Natural Frequency (Hz),Magnitude (dB)
49.61769747761966,2691.8988174659303
88.18807651492477,5795.729326894337
