Natural Frequency (Hz),Magnitude (dB)
186.21262006476016,27726.78418212826
230.85086120105578,36607.75058850974
