Natural Frequency (Hz),Magnitude (dB)
231.70798073521811,50624.31580067143
442.05599847623193,6502.846622099285
