Natural Frequency (Hz),Magnitude (dB)
231.70798073521811,1598895.089402252
441.90634268455284,343033.79423296324
577.970667464831,225579.22105260595
