Natural Frequency (Hz),Magnitude (dB)
14.489401648934724,1116.075096231074
186.226225136731,1907.613813727836
230.85086120105578,6522.888601504378
