Natural Frequency (Hz),Magnitude (dB)
172.09865834442044,5785.268191655633
231.7225505133272,37562.36437773244
441.9527678029787,21919.25998081688
732.6592402651528,2407.718994355387
