Natural Frequency (Hz),Magnitude (dB)
14.50598972047971,1220.9692929042246
172.0986353970148,6204.102538164004
231.69585419347095,4984.059776666666
