Natural Frequency (Hz),Magnitude (dB)
18.944860537934677,8234.224490571365
231.48656571278931,781.8897542010899
532.7894796445559,233.8325116419475
