Natural Frequency (Hz),Magnitude (dB)
14.500318476249122,282.90059624649484
18.926341612677653,1288.2302521115184
172.63342124596974,1480.1274678736454
185.18925257023145,1354.7975684467192
230.63469515096625,676.2493602921743
441.8059998568012,992.498165208879
577.9015815706642,2866.505322838141
667.6072555156843,275.17451229051835
866.593107402398,212.08672568800597
