Natural Frequency (Hz),Magnitude (dB)
18.926341612677653,19543.154719000828
172.63342124596974,13635.60336042948
230.63469515096625,5118.391882115906
441.8059998568012,15465.634585147736
577.9201004959212,35428.335436725596
732.6457210183496,523.9391562953118
