Natural Frequency (Hz),Magnitude (dB)
14.500146960948928,1569.643467144885
27.067841903803078,831.5056338715026
50.987003246654524,182.7109658350059
477.08591641131494,211.28197477868775
