Natural Frequency (Hz),Magnitude (dB)
25.878638913247396,536.6961115187694
50.97348615183769,848.8454337626015
