Natural Frequency (Hz),Magnitude (dB)
14.500146960948928,1370.6174612475204
27.05432825332689,677.1512607956911
484.3832876684561,311.9196950469405
