Natural Frequency (Hz),Magnitude (dB)
231.70798073521811,16461.867981227588
