Natural Frequency (Hz),Magnitude (dB)
230.85086120105578,571771.0995400625
231.70798073521811,260484.611374355
186.21262006476016,191844.66121992192
441.892737612582,354080.56858647085
477.8373377595168,97130.7044805053
577.970667464831,97110.82958728119
