Natural Frequency (Hz),Magnitude (dB)
231.70798073521811,103443.20919978498
441.90634268455284,27192.994291854568
477.8373377595168,10439.653536631517
577.970667464831,15362.485313194078
